{"Labels": ["RB", "OB", "PF", "DE", "FS", "IS", "RO", "IN", "AF", "BE", "FO", "GR", "PH", "PB", "OS", "OP", "OK"], "LabelWeights": [1.0, 0.5518, 0.2896, 0.1622, 0.6419, 0.1847, 0.3559, 0.3131, 0.0811, 0.2275, 0.2477, 0.0901, 0.4167, 0.4167, 0.9009, 0.3829, 0.4396], "New": {"F2": 0.6613708038724712, "F2_class": [0.5594049045059648, 0.8911440691549039, 0.674752571317679, 0.36617111469341446, 0.9056154971694683, 0.012919896640826873, 0.5344448939490262, 0.538024940896212, 0.21727734552467126, 0.5471277389949051, 0.051048088779284836, 0.5845899481646384, 0.7836078593874098, 0.7382736203830569, 0.7484596617458545, 0.7749776984834968, 0.8459134061839269, 0.9383146044773648], "F1_Normal": 0.930850266310634}, "Main": {"OP": 0.8666388627795173, "OR": 0.8081995011568079, "OF1": 0.836399633138733, "CP": 0.8209238041213209, "CR": 0.5815860476164538, "CF1": 0.6808334786976581, "MF1": 0.6246926209346292, "mF1": 0.8363996331387331, "EMAcc": 0.7190088921662602, "mAP": 0.695044497594953}, "Auxillary": {"P_class": [0.6085745428121594, 0.8409157365114895, 0.849499144881505, 0.8277770279389931, 0.8258951096068569, 0.9154929577464789, 0.8362471740768651, 0.7598445265706639, 0.8919465275513531, 0.8480257815671944, 0.8808510638297873, 0.9523825281270681, 0.8605422828972317, 0.6920344309331876, 0.6369875065986275, 0.7441113490364025, 0.8868306265774168, 0.9186701569204969], "R_class": [0.5483293686301041, 0.9046529160045341, 0.641749723145072, 0.3213686858101027, 0.9280097752330245, 0.010365173018657312, 0.4902151345142908, 0.5014296526784964, 0.1827241637276905, 0.5025489105099324, 0.04131736526946108, 0.5331196976994036, 0.7664766729997889, 0.7508152979543433, 0.7827027027027027, 0.7830985915492957, 0.8362673323675497, 0.9433576932817191], "F1_class": [0.576883337542764, 0.8716206859612314, 0.7311534013247819, 0.4629902238327106, 0.873979816872776, 0.020498265531378113, 0.6180967499373381, 0.6041645556794002, 0.30331186038518254, 0.6311008715193519, 0.07893231649189705, 0.6835854927202338, 0.8107902905249993, 0.7202275151084252, 0.7023670935195964, 0.763107329124348, 0.8608071044362783, 0.930850266310634], "AP": [0.6219129856728541, 0.937640932733908, 0.7963863501276399, 0.5878717873029995, 0.9481801486778233, 0.2130264537047088, 0.6864365897244356, 0.6861316812416005, 0.6329146593562296, 0.7507032046498405, 0.14519388128389074, 0.8152968099578198, 0.8683504761234392, 0.7138772386811874, 0.6833704527374698, 0.7917931069389371, 0.9366697001994161], "Np": [41285.0, 198354.0, 12279.0, 7409.0, 319095.0, 71.0, 13270.0, 15694.0, 15335.0, 39408.0, 235.0, 30220.0, 21096.0, 7319.0, 5683.0, 5604.0, 145808.0, 567676.0], "Nc": [25125.0, 166799.0, 10431.0, 6133.0, 263539.0, 65.0, 11097.0, 11925.0, 13678.0, 33419.0, 207.0, 28781.0, 18154.0, 5065.0, 3620.0, 4170.0, 129307.0, 521507.0], "Ng": [45821.0, 184379.0, 16254.0, 19084.0, 283983.0, 6271.0, 22637.0, 23782.0, 74856.0, 66499.0, 5010.0, 53986.0, 23685.0, 6746.0, 4625.0, 5325.0, 154624.0, 552820.0]}}