{"Labels": ["0%<5%", "5-15%", "15-30%", "30%<="], "LabelWeights": [1.0, 1.0, 1.0, 1.0], "Main": {"MF1": 0.7791342918869483, "mF1": 0.8614787204279469, "MP": 0.8131101807666425, "mP": 0.8614787204279469, "MR": 0.7533059782555271, "mR": 0.8614787204279469}, "Auxillary": {"P_class": [0.8916019703531647, 0.8438359182333807, 0.714789390118614, 0.8022134443614106], "R_class": [0.9103445053030023, 0.8583270259331331, 0.531143729613436, 0.7134086521725371], "F1_class": [0.9008757647285515, 0.8510197881525012, 0.6094322344322345, 0.7552093802345058], "CM": [[467532, 45314, 314, 417], [53408, 375361, 7309, 1239], [2223, 20898, 30613, 3902], [1210, 3254, 4592, 22543]], "Np": [524373.0, 444827.0, 42828.0, 28101.0], "Nc": [467532.0, 375361.0, 30613.0, 22543.0], "Ng": [513577.0, 437317.0, 57636.0, 31599.0]}}